manga_imageurl,manga_price,manga_title
//www.animestore.supremenepal.com/wp-content/uploads/2017/11/SN00800001-BAKUMAN-MANGA-VOL.-1-800-300x300.jpg,NRs 800,Bakuman Manga Vol. 1
//www.animestore.supremenepal.com/wp-content/uploads/2017/11/SN00800010-BAKUMAN-MANGA-VOL.-10-800-300x300.jpg,NRs 800,Bakuman Manga Vol. 10
//www.animestore.supremenepal.com/wp-content/uploads/2017/11/SN00800011-BAKUMAN-MANGA-VOL.-11-800-300x300.jpg,NRs 800,Bakuman Manga Vol. 11
//www.animestore.supremenepal.com/wp-content/uploads/2017/11/SN00800012-BAKUMAN-MANGA-VOL.-12-800-300x300.jpg,NRs 800,Bakuman Manga Vol. 12
//www.animestore.supremenepal.com/wp-content/uploads/2017/11/SN00800013-BAKUMAN-MANGA-VOL.-13-800-300x300.jpg,NRs 800,Bakuman Manga Vol. 13
//www.animestore.supremenepal.com/wp-content/uploads/2017/11/SN00800014-BAKUMAN-MANGA-VOL.-14-800-300x300.jpg,NRs 800,Bakuman Manga Vol. 14
//www.animestore.supremenepal.com/wp-content/uploads/2017/11/SN00800015-BAKUMAN-MANGA-VOL.-15-800-300x300.jpg,NRs 800,Bakuman Manga Vol. 15
//www.animestore.supremenepal.com/wp-content/uploads/2017/11/SN00800016-BAKUMAN-MANGA-VOL.-16-800-300x300.jpg,NRs 800,Bakuman Manga Vol. 16
//www.animestore.supremenepal.com/wp-content/uploads/2017/11/SN00800017-BAKUMAN-MANGA-VOL.-17-800-300x300.jpg,NRs 800,Bakuman Manga Vol. 17
//www.animestore.supremenepal.com/wp-content/uploads/2017/11/SN00800018-BAKUMAN-MANGA-VOL.-18-800-300x300.jpg,NRs 800,Bakuman Manga Vol. 18
//www.animestore.supremenepal.com/wp-content/uploads/2017/11/SN00800019-BAKUMAN-MANGA-VOL.-19-800-300x300.jpg,NRs 800,Bakuman Manga Vol. 19
//www.animestore.supremenepal.com/wp-content/uploads/2017/11/SN00800002-BAKUMAN-MANGA-VOL.-2-800-300x300.jpg,NRs 800,Bakuman Manga Vol. 2
//www.animestore.supremenepal.com/wp-content/uploads/2017/11/SN00800020-BAKUMAN-MANGA-VOL.-20-800-300x300.jpg,NRs 800,Bakuman Manga Vol. 20
//www.animestore.supremenepal.com/wp-content/uploads/2017/11/SN00800003-BAKUMAN-MANGA-VOL.-3-800-300x300.jpg,NRs 800,Bakuman Manga Vol. 3
//www.animestore.supremenepal.com/wp-content/uploads/2017/11/SN00800004-BAKUMAN-MANGA-VOL.-4-800-300x300.jpg,NRs 800,Bakuman Manga Vol. 4
//www.animestore.supremenepal.com/wp-content/uploads/2017/11/SN00800005-BAKUMAN-MANGA-VOL.-5-800-300x300.jpg,NRs 800,Bakuman Manga Vol. 5
//www.animestore.supremenepal.com/wp-content/uploads/2017/11/SN00800006-BAKUMAN-MANGA-VOL.-6-800-300x300.jpg,NRs 800,Bakuman Manga Vol. 6
//www.animestore.supremenepal.com/wp-content/uploads/2017/11/SN00800007-BAKUMAN-MANGA-VOL.-7-800-300x300.jpg,NRs 800,Bakuman Manga Vol. 7
//www.animestore.supremenepal.com/wp-content/uploads/2017/11/SN00800008-BAKUMAN-MANGA-VOL.-8-800-300x300.jpg,NRs 800,Bakuman Manga Vol. 8
//www.animestore.supremenepal.com/wp-content/uploads/2017/11/SN00800009-BAKUMAN-MANGA-VOL.-9-800-300x300.jpg,NRs 800,Bakuman Manga Vol. 9
//www.animestore.supremenepal.com/wp-content/uploads/2017/11/SN00800064-DEATH-NOTE-MANGA-VOL.-9-800-300x300.jpg,NRs 800,Death Note Manga Vol. 9
//www.animestore.supremenepal.com/wp-content/uploads/2017/11/SN00800022-NARUTO-MANGA-VOL.-9-800-300x300.jpg,NRs 800,Naruto Manga Vol. 10
//www.animestore.supremenepal.com/wp-content/uploads/2017/11/SN00800023-NARUTO-MANGA-VOL.-11-800-300x300.jpg,NRs 800,Naruto Manga Vol. 11
//www.animestore.supremenepal.com/wp-content/uploads/2017/11/SN00800024-NARUTO-MANGA-VOL.-12-800-300x300.jpg,NRs 800,Naruto Manga Vol. 12
//www.animestore.supremenepal.com/wp-content/uploads/2017/11/SN00800025-NARUTO-MANGA-VOL.-13-800-300x300.jpg,NRs 800,Naruto Manga Vol. 13
//www.animestore.supremenepal.com/wp-content/uploads/2017/11/SN00800026-NARUTO-MANGA-VOL.-14-800-300x300.jpg,NRs 800,Naruto Manga Vol. 14
//www.animestore.supremenepal.com/wp-content/uploads/2017/11/SN00800027-NARUTO-MANGA-VOL.-15-800-300x300.jpg,NRs 800,Naruto Manga Vol. 15
//www.animestore.supremenepal.com/wp-content/uploads/2017/11/SN00800028-NARUTO-MANGA-VOL.-16-800-300x300.jpg,NRs 800,Naruto Manga Vol. 16
//www.animestore.supremenepal.com/wp-content/uploads/2017/11/SN00800029-NARUTO-MANGA-VOL.-20-800-300x300.jpg,NRs 800,Naruto Manga Vol. 20
//www.animestore.supremenepal.com/wp-content/uploads/2017/11/SN00800030-NARUTO-MANGA-VOL.-22-800-300x300.jpg,NRs 800,Naruto Manga Vol. 22
//www.animestore.supremenepal.com/wp-content/uploads/2017/11/SN00800031-NARUTO-MANGA-VOL.-23-800-300x300.jpg,NRs 800,Naruto Manga Vol. 23
//www.animestore.supremenepal.com/wp-content/uploads/2017/11/SN00800032-NARUTO-MANGA-VOL.-24-800-300x300.jpg,NRs 800,Naruto Manga Vol. 24
//www.animestore.supremenepal.com/wp-content/uploads/2017/11/SN00800033-NARUTO-MANGA-VOL.-25-800-300x300.jpg,NRs 800,Naruto Manga Vol. 25
//www.animestore.supremenepal.com/wp-content/uploads/2017/11/SN00800034-NARUTO-MANGA-VOL.-26-800-300x300.jpg,NRs 800,Naruto Manga Vol. 26
//www.animestore.supremenepal.com/wp-content/uploads/2017/11/SN00800035-NARUTO-MANGA-VOL.-40-800-300x300.jpg,NRs 800,Naruto Manga Vol. 40
//www.animestore.supremenepal.com/wp-content/uploads/2017/11/SN00800036-NARUTO-MANGA-VOL.-48-800-300x300.jpg,NRs 800,Naruto Manga Vol. 48
//www.animestore.supremenepal.com/wp-content/uploads/2017/11/SN00800021-NARUTO-MANGA-VOL.-9-800-300x300.jpg,NRs 800,Naruto Manga Vol. 9
//www.animestore.supremenepal.com/wp-content/uploads/2017/11/SN00800039-ONE-PIECE-MANGA-VOL.-58-800-300x300.jpg,NRs 800,One Piece Manga Vol. 58
//www.animestore.supremenepal.com/wp-content/uploads/2017/11/SN00800040-ONE-PIECE-MANGA-VOL.-61-800-300x300.jpg,NRs 800,One Piece Manga Vol. 61
//www.animestore.supremenepal.com/wp-content/uploads/2017/11/SN00800037-ONE-PUNCH-MAN-MANGA-VOL.-2-800-300x300.jpg,NRs 800,One Punch Man Manga Vol. 2
//www.animestore.supremenepal.com/wp-content/uploads/2017/11/SN00800038-ONE-PUNCH-MAN-MANGA-VOL.-3-800-300x300.jpg,NRs 800,One Punch Man Manga Vol. 3
//www.animestore.supremenepal.com/wp-content/uploads/2017/11/SN00800041-PSYREN-MANGA-VOL.-3-800-300x300.jpg,NRs 800,Psyren Manga Vol. 3
//www.animestore.supremenepal.com/wp-content/uploads/2017/11/SN00800042-PSYREN-MANGA-VOL.-4-800-300x300.jpg,NRs 800,Psyren Manga Vol. 4
//www.animestore.supremenepal.com/wp-content/uploads/2017/11/SN00800043-PSYREN-MANGA-VOL.-5-800-300x300.jpg,NRs 800,Psyren Manga Vol. 5
//www.animestore.supremenepal.com/wp-content/uploads/2017/11/SN00800044-PSYREN-MANGA-VOL.-6-800-300x300.jpg,NRs 800,Psyren Manga Vol. 6
//www.animestore.supremenepal.com/wp-content/uploads/2017/11/SN00800045-PSYREN-MANGA-VOL.-7-800-300x300.jpg,NRs 800,Psyren Manga Vol. 7
//www.animestore.supremenepal.com/wp-content/uploads/2017/11/SN00800046-TERRA-FORMARS-MANGA-VOL.-1-1100-300x300.jpg,"NRs 1,100",Terra Formars Manga Vol. 1
//www.animestore.supremenepal.com/wp-content/uploads/2017/11/SN00800047-TERRA-FORMARS-MANGA-VOL.-4-1100-300x300.jpg,"NRs 1,100",Terra Formars Manga Vol. 4
//www.animestore.supremenepal.com/wp-content/uploads/2017/11/SN00800055-BLACK-CAT-MANGA-VOL.-10-800-300x300.jpg,NRs 800,Black Cat Manga Vol. 10
//www.animestore.supremenepal.com/wp-content/uploads/2017/11/SN00800048-BLACK-CAT-MANGA-VOL.-2-800-300x300.jpg,NRs 800,Black Cat Manga Vol. 2
//www.animestore.supremenepal.com/wp-content/uploads/2017/11/SN00800049-BLACK-CAT-MANGA-VOL.-3-800-300x300.jpg,NRs 800,Black Cat Manga Vol. 3
//www.animestore.supremenepal.com/wp-content/uploads/2017/11/SN00800050-BLACK-CAT-MANGA-VOL.-4-800-300x300.jpg,NRs 800,Black Cat Manga Vol. 4
//www.animestore.supremenepal.com/wp-content/uploads/2017/11/SN00800051-BLACK-CAT-MANGA-VOL.-5-800-300x300.jpg,NRs 800,Black Cat Manga Vol. 5
//www.animestore.supremenepal.com/wp-content/uploads/2017/11/SN00800052-BLACK-CAT-MANGA-VOL.-6-800-300x300.jpg,NRs 800,Black Cat Manga Vol. 6
//www.animestore.supremenepal.com/wp-content/uploads/2017/11/SN00800053-BLACK-CAT-MANGA-VOL.-7-800-300x300.jpg,NRs 800,Black Cat Manga Vol. 7
//www.animestore.supremenepal.com/wp-content/uploads/2017/11/SN00800054-BLACK-CAT-MANGA-VOL.-9-800-300x300.jpg,NRs 800,Black Cat Manga Vol. 9
//www.animestore.supremenepal.com/wp-content/uploads/2017/11/SN00800056-DEATH-NOTE-MANGA-VOL.-1-800-300x300.jpg,NRs 800,Death Note Manga Vol. 1
//www.animestore.supremenepal.com/wp-content/uploads/2017/11/SN00800065-DEATH-NOTE-MANGA-VOL.-10-800-300x300.jpg,NRs 800,Death Note Manga Vol. 10
//www.animestore.supremenepal.com/wp-content/uploads/2017/11/SN00800066-DEATH-NOTE-MANGA-VOL.-11-800-300x300.jpg,NRs 800,Death Note Manga Vol. 11
//www.animestore.supremenepal.com/wp-content/uploads/2017/11/SN00800067-DEATH-NOTE-MANGA-VOL.-12-800-300x300.jpg,NRs 800,Death Note Manga Vol. 12
//www.animestore.supremenepal.com/wp-content/uploads/2017/11/SN00800068-DEATH-NOTE-MANGA-VOL.-13-800-300x300.jpg,NRs 800,Death Note Manga Vol. 13
//www.animestore.supremenepal.com/wp-content/uploads/2017/11/SN00800057-DEATH-NOTE-MANGA-VOL.-2-800-300x300.jpg,NRs 800,Death Note Manga Vol. 2
//www.animestore.supremenepal.com/wp-content/uploads/2017/11/SN00800058-DEATH-NOTE-MANGA-VOL.-3-800-300x300.jpg,NRs 800,Death Note Manga Vol. 3
//www.animestore.supremenepal.com/wp-content/uploads/2017/11/SN00800059-DEATH-NOTE-MANGA-VOL.-4-800-300x300.jpg,NRs 800,Death Note Manga Vol. 4
//www.animestore.supremenepal.com/wp-content/uploads/2017/11/SN00800060-DEATH-NOTE-MANGA-VOL.-5-800-300x300.jpg,NRs 800,Death Note Manga Vol. 5
//www.animestore.supremenepal.com/wp-content/uploads/2017/11/SN00800061-DEATH-NOTE-MANGA-VOL.-6-800-300x300.jpg,NRs 800,Death Note Manga Vol. 6
//www.animestore.supremenepal.com/wp-content/uploads/2017/11/SN00800062-DEATH-NOTE-MANGA-VOL.-7-800-300x300.jpg,NRs 800,Death Note Manga Vol. 7
//www.animestore.supremenepal.com/wp-content/uploads/2017/11/SN00800063-DEATH-NOTE-MANGA-VOL.-8-800-300x300.jpg,NRs 800,Death Note Manga Vol. 8
